Datetime,Tweet Id,Text
2020-12-06 23:15:34,1335724592359469059,"#RainbowMonologues

ùóïùóòùóîùó•ùó¶
Performed by @JPSmudge
Written by @Alistair72

https://t.co/mjMy9Y3MZP

SUBSCRIBE üëáüèª
https://t.co/ijfaw1sc8B

#writer #writerslife #actor #actorslife #theatre #performance #monologue #lgbt #gay #gaytheatre"
2020-12-06 23:15:23,1335724549946679297,"#RainbowMonologues

ùó£ùó¢ùó¶ùóò ùóïùóúùóßùóñùóõ
Performed by Joshua Stuart Dickerson
Written by @bearhugz54

https://t.co/bH2p2UbTVH

SUBSCRIBE üëáüèª
https://t.co/ijfaw1sc8B

#writer #writerslife #actor #actorslife #theatre #performance #monologue #lgbt #gay #gaytheatre"
2020-12-06 23:14:52,1335724417524097027,"#RainbowMonologues

ùóßùóõùó•ùó¢ùó®ùóöùóõ ùóßùóõùóò ùó™ùóúùó°ùóóùó¢ùó™
Performed by Pam Ashton
Written by @bearhugz54

https://t.co/HuemNbDkbv

SUBSCRIBE üëáüèª
https://t.co/ijfaw1sc8B

#writer #writerslife #actor #actorslife #theatre #performance #monologue #lgbt #gay #gaytheatre"
2020-12-06 21:11:44,1335693429251125251,"Had a Shakespearean itch. Scratched it.

Thought this might be interesting filmed with the Thermal Camera on my Mac.

#Shakespeare 
#TheTempest 
#Monologue
#actorslife 

https://t.co/cvtD5oqLCD"
2020-12-06 21:05:31,1335691864276492288,THE TRAVELER https://t.co/RVUmCpkx1r via @YouTube #filmnoir #jazz #spokenword #monologue #poetry #verse #beat
2020-12-06 18:50:54,1335657989060001793,I want to play this role sooooooooo bad. #actor #Shakespeare #monologue Richard from Richard III Act III Scene i https://t.co/n0ch1FH5tC via @YouTube
2020-12-06 18:38:21,1335654830149275648,Self-Tape Monologue. Defending an important decision that only he can understand. #monologue #acting #actor #selftape #sagaftra #actorslife  #actinglife #film #artist #casting #hollywood #drama #putinthework https://t.co/8lHqGRmAyE
2020-12-06 18:12:36,1335648351254089737,"Learning some monologues in Argentinian. Very soon I will publish them, you will see them and hear me speak in Argentinian #actor #actorslife #monologue #monologosargentinos #RebeldeWay #MiaColucci #LuLopilato #MarizzaPiaSpirito #MarizzaAndrade #CamilaBordonaba üá¶üá∑üé≠üìÉ https://t.co/bFUz6mA9kw"
2020-12-06 17:59:02,1335644934964203520,"Learning some monologues in Argentinian. Very soon I will publish them, you will see them and hear me speak in Argentinian #actor #actorslife #monologue #monologosargentinos #RebeldeWay #MiaColucci #LuLopilato #MarizzaPiaSpirito #MarizzaAndrade #CamilaBordonaba üá¶üá∑üé≠üìÉ https://t.co/bFUz6mA9kw"
2020-12-06 14:48:45,1335597049157459970,"@HudTheatreWorks what a great series to be a part of, thanks for including me! excellent performance from @Lizmasucci (as always)! keep up the good work and stay safe out there! #neillabute #monologue https://t.co/hGVn0xqvUx"
2020-12-06 14:16:29,1335588931014963201,"Tape 1 - Complete! My own take on more #Shakespeare here. I may share later! Done in one take as well with 1 small hiccup which I left in! 2 more to go! I can do this!

#selftaping #monologue #childactress #actor #givingyoujoy #PositiveVibes https://t.co/u1BdGoz2VO"
2020-12-06 14:09:30,1335587172771094539,The start of a very powerful monologue called Suzy‚Äôs Summer written by the super talented @allieacts ‚ù§Ô∏è #actor #monologue https://t.co/IcODzaWd6f
2020-12-06 09:20:02,1335514325394583553,"NEW #Monologue from NEW One-Act Play ""Thinking of Someone Else"" - https://t.co/lPSQRq2BFt #actorslife #writerslife #creating #theatre #actors #acting https://t.co/2I9AKszJ8b"
2020-12-06 08:18:01,1335498719060516864,"Check out the #monologue I performed for Vintage Soul Productions‚Äô ‚ÄúQuick Quarantined Play Festival‚Äù: ‚ÄúTrapped,‚Äù by @MsNash1st. Writers had 24 hours to write pieces related to #COVID19. Actors had 24 hours to memorize and film our assigned piece. #Theater https://t.co/NYTs3Bs97U"
2020-12-06 06:38:21,1335473637323751425,"@TheRealDratch 
@batemanjason said in his monologue that nobody noticed the chimp try to bite his face but in the video, you were clearly more traumatized than he was.
@nbcsnl #Monologue #Chimp
#NoseAttack"
2020-12-06 03:12:36,1335421857504366594,The start of a very powerful monologue called Suzy‚Äôs Summer written by the super talented @allieacts ‚ù§Ô∏è #actor #monologue https://t.co/IcODzaWd6f
2020-12-05 21:16:38,1335332274708115467,"You can watch all of our #QueerAllAboutIt films together online - 4 monologue films written by LGBTQ writers exploring different lgbtq stories and experiences. 

Thank you @BanditBloody for bringing these monologues to life! #pride #LGBTQ #monologue

https://t.co/nb6y5NoHsB https://t.co/7lxy1lqoHM"
2020-12-05 20:49:10,1335325364093120514,"You can watch all of our #QueerAllAboutIt films together online - 4 monologue films written by LGBTQ writers exploring different lgbtq stories and experiences. 

Thank you @BanditBloody for bringing these monologues to life! #pride #LGBTQ #monologue

https://t.co/nb6y5NoHsB https://t.co/7lxy1lqoHM"
2020-12-05 19:11:29,1335300781898084352,"Had a Shakespearean itch. Scratched it.

Thought this might be interesting filmed with the Thermal Camera on my Mac.

#Shakespeare 
#TheTempest 
#Monologue
#actorslife 

https://t.co/cvtD5oqLCD"
2020-12-05 18:07:30,1335284680946556929,"Insomnia in the 15th century...

#Shakespeare #HenryIVPart2 #Monologue
https://t.co/ZaOKcsfxWE"
2020-12-05 18:07:01,1335284555591405568,"Coriolanus in a stairwell?

Don't mind if I do

#Shakespeare #Monologue 
https://t.co/ZCeoPtRX5T"
2020-12-05 17:39:48,1335277710021718022,"You can watch all of our #QueerAllAboutIt films together online - 4 monologue films written by LGBTQ writers exploring different lgbtq stories and experiences. 

Thank you @BanditBloody for bringing these monologues to life! #pride #LGBTQ #monologue

https://t.co/nb6y5NoHsB https://t.co/7lxy1lqoHM"
2020-12-05 17:34:54,1335276475382173696,"Insomnia in the 15th century...

#Shakespeare #HenryIVPart2 #Monologue
https://t.co/ZaOKcsfxWE"
2020-12-05 17:30:07,1335275270115368962,"I did monologue by the character ""Sean"", originally played by Robin Williams in ""Good Will Hunting"" (1997)
https://t.co/1wIwiEX57l

@BenAffleck @MattDamon #RobinWilliams #GoodWillHunting #Monologue #Actor #ActorsLife"
2020-12-05 17:24:22,1335273825500540929,So proud to have been a part of such a brilliant project...#LGBTQ #theatre #QueerAllAboutIt #pride #monologueüåà https://t.co/xRFEihVWY0
2020-12-05 17:06:40,1335269369216110592,"You can watch all of our #QueerAllAboutIt films together online - 4 monologue films written by LGBTQ writers exploring different lgbtq stories and experiences. 

Thank you @BanditBloody for bringing these monologues to life! #pride #LGBTQ #monologue

https://t.co/nb6y5NoHsB https://t.co/7lxy1lqoHM"
2020-12-05 16:23:19,1335258458665316352,Watch 14 minutes of magic. Lessons on #equality n #inclusion. Also the #craftofspeech #powerofwords #theatre #monologue . You are both brilliant @BillyCrystal on stage &amp; @MuhammadAli in life https://t.co/VOkd7xX8ju @roshanabbas @michelleapeluso @Bbrrnndd
2020-12-05 15:50:50,1335250283656581120,I have never known anyone to make such a mess...a few minutes ago there was a teenager and now... #gcses #monologue https://t.co/6l4nCEHm4G
2020-12-05 15:47:05,1335249341309726721,"You can watch all of our #QueerAllAboutIt films together online - 4 monologue films written by LGBTQ writers exploring different lgbtq stories and experiences. 

Thank you @BanditBloody for bringing these monologues to life! #pride #LGBTQ #monologue

https://t.co/nb6y5NoHsB https://t.co/7lxy1lqoHM"
2020-12-05 15:34:36,1335246198349893632,"You can watch all of our #QueerAllAboutIt films together online - 4 monologue films written by LGBTQ writers exploring different lgbtq stories and experiences. 

Thank you @BanditBloody for bringing these monologues to life! #pride #LGBTQ #monologue

https://t.co/nb6y5NoHsB https://t.co/7lxy1lqoHM"
2020-12-05 15:29:11,1335244836790792192,"You can watch all of our #QueerAllAboutIt films together online - 4 monologue films written by LGBTQ writers exploring different lgbtq stories and experiences. 

Thank you @BanditBloody for bringing these monologues to life! #pride #LGBTQ #monologue

https://t.co/nb6y5NoHsB https://t.co/7lxy1lqoHM"
2020-12-05 14:17:43,1335226853016170498,"Typical #Fallon #TonightShow #Monologue

Someone mistook #Trump for a Bag of #Cheetos
What's that thing on Trump's Head -- A Muskrat
Trump is Peachy -- That's cuz He got #Impeached

[No one Laughs]

üé∂Take me to church
I'll worship like a dog at the shrine of your lies...üé∂"
2020-12-05 10:39:48,1335172011086241794,"For some reason my highest viewed video. If you haven‚Äôt watched it follow the link now! The RT! Please!
#monologue #jamesbond #muscle #fitness #acting #newwriting #writer #onepersonplay #007 #actor 

Jake Pond https://t.co/UOO72nBdH8 via @YouTube https://t.co/itjVKTJdxn"
2020-12-05 10:19:32,1335166910900686848,Eeeee just got my ticket üé´ üé≠ cannot wait for this! What an opportunity @DoorDieStudios @thepeterhunt @eaglestonemanag #CastMeComp #selftape #monologue #castingdirector https://t.co/K9D7d6OgHq
2020-12-05 09:47:05,1335158745555464194,"ùó†ùóºùóªùóºùóπùóºùó¥ùòÇùó≤ üòß
#Monologue #Politics
Sean Hannity devoted part of his opening monologue Friday to discussing the sworn allegations of election fraud from ordinary Americans¬†across the country.¬†
The ""Hannity"" host claimed that the affid...https://t.co/HxIx4fURl7"
2020-12-05 09:33:01,1335155205864894464,"NEW #Monologue from NEW One-Act Play ""Last Line of Defense"" by Joseph Arnone - https://t.co/y6TCU4B3M3 #actorslife #writerslife #actors #theatre #script https://t.co/9iGfTr81f2"
2020-12-05 08:56:51,1335146104531394561,Eeeee just got my ticket üé´ üé≠ cannot wait for this! What an opportunity @DoorDieStudios @thepeterhunt @eaglestonemanag #CastMeComp #selftape #monologue #castingdirector https://t.co/K9D7d6OgHq
2020-12-05 08:37:32,1335141241495891968,"If you‚Äôre looking for a Studio ideal for
‚Ä¢ #Podcasts
‚Ä¢ #VoiceOver 
‚Ä¢ #ADR recording 
‚Ä¢ Music Production 
‚Ä¢ #Monologue Recording 
Email - Info@ProcastStudios.co 
or call 020¬†3488¬†2821 

#BlackPoundDay https://t.co/q3TlIO9Fli"
2020-12-05 08:01:46,1335132241890971649,"Day 4! Wanted to revisit Clint Barton since #Hawkeye is the talk of the town right now. So here is his #monologue from #Avengers Age of Ultron, as performed originally by Jeremy Renner

https://t.co/7vi4O45KRp"
2020-12-05 07:47:38,1335128684588634112,"If you‚Äôre looking for a Studio ideal for
‚Ä¢ #Podcasts
‚Ä¢ #VoiceOver 
‚Ä¢ #ADR recording 
‚Ä¢ Music Production 
‚Ä¢ #Monologue Recording 
Email - Info@ProcastStudios.co 
or call 020¬†3488¬†2821 

#BlackPoundDay https://t.co/q3TlIO9Fli"
2020-12-05 01:14:02,1335029630785433600,"Stephen Invites Presidents Obama, Bush And Clinton To Get The Covid-19 V... https://t.co/zl1Sre0lSW via @YouTube

üòÇüòÇüòÇüòÇü§üüèªü§üüèªü§üüèª Wait 4it #Colbert #Monologue #ALateShow"
2020-12-04 21:45:41,1334977199590424577,"Day 4! Wanted to revisit Clint Barton since #Hawkeye is the talk of the town right now. So here is his #monologue from #Avengers Age of Ultron, as performed originally by Jeremy Renner

https://t.co/7vi4O45KRp"
2020-12-04 21:36:32,1334974896624070657,"Monthly Favorites | November 2020 Favorite Kpop Songs https://t.co/pOk9Qo4KLJ #BTS #LifeGoesOnWithBTS  #HASUNGWOON #ForbiddenIsland #MAMAMOO #AYA
#TAEMIN #IDEA #STAYC #SO_BAD #Woodz #RADIO #HENRY #WOOAH #BadGirl #sogumm #monologue #MONSTAX #FATAL_LOVE #SECRET_NUMBER #PRIVACY"
2020-12-04 21:36:27,1334974875329552384,"Monthly Favorites | November 2020 Favorite Kpop Songs https://t.co/pOk9Qo4KLJ #BTS #LifeGoesOnWithBTS  #HASUNGWOON #ForbiddenIsland #MAMAMOO #AYA
#TAEMIN #IDEA #STAYC #SO_BAD #Woodz #RADIO #HENRY #WOOAH #BadGirl #sogumm #monologue #MONSTAX #FATAL_LOVE #SECRET_NUMBER #PRIVACY"
2020-12-04 19:30:31,1334943183214678019,"‚ÄòLike a Greek taverna‚Äô üíô 

Full disclosure: I wrote this for a competition &amp; didn‚Äôt get chosen, so hey- it‚Äôs for you, twitterüòâ 
The theme immediately made me think of this topic (which is pretty close to home) so I penned a little somethin‚Äôüíï #monologue #snapshot #life #twitter https://t.co/Rjo8am3ogA"
2020-12-04 18:43:28,1334931342140858368,Thank you to @andrewfemenellacasting Glad to connect and show a little bit of my craft to the amazing Casting Directors #ADCToyDrive2020 #latinoactor #latinx #highmaintenancehbo #nbccasting #selftape #auditions #castingdirectors #producers  #cast #keepgoing #twinpeaks #monologue https://t.co/NtAhZ7pWFo
2020-12-04 17:27:40,1334912265867366407,"Carol from Oleanna by David Mamet 

#Monologue #actor @SupportBritish https://t.co/FuZ4bLRRu1"
2020-12-04 16:20:10,1334895277669552130,"This coming Tuesday features @PaulEwanWilson, known for playing a large variety of roles on stage and screen from a villain on the Netflix series Frontier, to rocking out in musicals, to being cheeky as Perchance‚Äôs Shakespeare. 
#PowerofOne #Monologue #Shakespeare #ArtsNL #GovNL https://t.co/swSxmIHbjB"
2020-12-04 13:58:29,1334859622222532609,"#Editing a #Monologue for an #Audition üé•üé¨

#Actor #JaJaKwack #ActorsLife @ London, United Kingdom https://t.co/2qAMgtgiDe"
2020-12-04 13:27:25,1334851805407227905,"This is something I‚Äôve wanted to perform for a while, after watching Jodie Comer‚Äôs breathtaking performance.üé≠ üé¨
#killingeve #monologue #actorslife #selftape #performance #jodiecomer #acting #casting #bbc #series #drama #actress #actorsuk #actor #tv #film @eaglestonemanag https://t.co/uLEaTUEvIf"
2020-12-04 13:07:45,1334846858443825152,"The Cagebirds by David Campton

In this monologue we see THE WILD ONE, has just been captured so she thinks differently to the others. She is trying to stir the others feelings and join her in escaping.
#actor #actorslife #monologue @SupportBritish 

https://t.co/2FgwYpkyd6 https://t.co/iIRtKUNMBG"
2020-12-04 11:51:42,1334827718337290246,"Teaser video for my new YouTube series coming soon 
- 'The Unorthodox Monster Monologues'. 
https://t.co/vue0ymAQAv

#Actor #Fantasy #Monologue #NewWriting #Monster #Monologues #YouTube #Supernatural https://t.co/3Z3SN5gKcb"
2020-12-04 09:33:02,1334792821627367424,"NEW #Monologue from NEW One-Act Play ""Covering Distance"" by Joseph Arnone - https://t.co/yFShgWlLYm #actors #theatre #writerslife #actorslife #script https://t.co/MnnVpqJ6KA"
2020-12-04 07:33:47,1334762812833468416,"NEW #Monologue from NEW One-Act Play ""Natural Habitat"" - by Joseph Arnone https://t.co/qVMCuqbcq4 #actorslife #writerslife #actors #theatre #script https://t.co/3jKEaz63QD"
2020-12-04 07:32:37,1334762516681994243,"NEW #Monologue from NEW One-Act Play ""Natural Habitat"" - by Joseph Arnone https://t.co/qVMCuqbcq4 #actorslife #writerslife #actors #theatre #script https://t.co/3jKEaz63QD"
2020-12-04 06:35:25,1334748122707181569,#Monologue Covid19 has taken far 2many lives @thechosentv @AndrewvdH @AnnemarieJacir  @RealRonHoward @jimmycthatsme @Dylan_Bostic @JamesCullenB @wendyshepherd @tylerperry @brbird @GavinPolone @JSCasting @ava @juancampanella @rwinter1955 @shondarhimes @MarkDuplass @donallogue https://t.co/jDNClKjk1f
2020-12-04 05:52:01,1334737201939107841,"Audition tape for Bane. Clearly didn‚Äôt get the part.
#batman #thedarkknightrises #bane #tomhardy #monologue #sicknessfun #youthinkoxygenisyourally #whenlifegivesyoulemons https://t.co/WKDyFL44Br"
2020-12-04 05:44:42,1334735357519273984,"When one door closes, others are supposed to open. But what if even those seemingly open doors also shut before we make it through?! Will we be doomed to the rabbit hole, until when?
#Monologue"
2020-12-04 04:51:12,1334721894487109634,"#ALateShow #Colbert #Monologue 

""Stephen Invites Presidents Obama, Bush And Clinton To Get The Covid-19 Vaccine On A Late Show"" on YouTube https://t.co/AyLbc5b4M8"
2020-12-04 03:04:13,1334694971216158720,Audition Entry #hopethemovie #pandamediang #audition #monologue @_badmanpanda https://t.co/qM05e7f4xH
2020-12-04 00:07:18,1334650450885234688,"""Free Churro"" Part 3/?
A continuing chunk of the monologue from Bojack Horseman S5E6
Written by Raphael Bob-Waksberg

#voiceover #voiceactor #vo #monologue https://t.co/y4ObONjhk9"
2020-12-04 00:00:47,1334648808987246594,"From Rosencrantz and Guildenstern Are Dead
Written by Tom Stoppard

#voiceover #voiceartist #voiceactor #monologue https://t.co/8oF3qBy3Xy"
2020-12-03 23:43:24,1334644436655980545,"From Rosencrantz and Guildenstern Are Dead
Written by Tom Stoppard

#voiceover #voiceartist #voiceactor #monologue https://t.co/8oF3qBy3Xy"
2020-12-03 21:57:47,1334617857699835904,"#StephenColbert says in his #monologue on his ""#comedy"" show last night that #Trump's ugly. Really? The #president's dated far more objectively #hot women in his life than Stephen, being 0 (Colbert #Wife included). This just goes to show the #elite #left're shallow, bad people."
2020-12-03 21:28:22,1334610454656724992,"This is something I‚Äôve wanted to perform for a while, after watching Jodie Comer‚Äôs breathtaking performance.üé≠ üé¨
#killingeve #monologue #actorslife #selftape #performance #jodiecomer #acting #casting #bbc #series #drama #actress #actorsuk #actor #tv #film @eaglestonemanag https://t.co/uLEaTUEvIf"
2020-12-03 20:34:01,1334596774749761538,Me and a random note from my phone #monologue https://t.co/HhWX3RslTq https://t.co/krK2MXM4zp
2020-12-03 19:36:50,1334582384457625600,"Coriolanus in a stairwell?

Don't mind if I do

#Shakespeare #Monologue 
https://t.co/ZCeoPtRX5T"
2020-12-03 19:31:30,1334581042620092428,"#Colbert #Monologue #trump
#ALateShow - #trumpISaBitch 
#LameDuckTrump #Vents His Election Grievances 
In #ConspiracyTheory Fueled #Facebook 
46 minute #Rant
https://t.co/CmHn28P9Nk via @YouTube"
2020-12-03 18:22:46,1334563746815954944,I want to play this role sooooooooo bad. #actor #Shakespeare #monologue Richard from Richard III Act III Scene i https://t.co/n0ch1FH5tC via @YouTube
2020-12-03 17:49:27,1334555360061886470,"Monologue from ""Happy-Go-Lucky""
#actor #monologue https://t.co/vnltRGb6Ji"
2020-12-03 15:37:55,1334522258598072320,"#Colbert #Monologue #ALateShow
President Vents His Election Grievances In Conspiracy Theory Fueled Facebook Rant https://t.co/jddrVQGJW4"
2020-12-03 15:36:57,1334522017689767939,"‚≠êÔ∏èAmazing Actor Shoutout to Neil Burgess ‚≠êÔ∏èfor his wonderful performance of The Night Boyfriend‚Äô produced by Troubadour Theatre ‚≠êÔ∏è
https://t.co/0VKMUPSC5I #Horror #Monologue"
2020-12-03 13:30:07,1334490097920733185,#Monologue Covid19 has taken far 2many lives @thechosentv @AndrewvdH @AnnemarieJacir  @RealRonHoward @jimmycthatsme @Dylan_Bostic @JamesCullenB @wendyshepherd @tylerperry @brbird @GavinPolone @JSCasting @ava @juancampanella @rwinter1955 @shondarhimes @MarkDuplass @donallogue https://t.co/jDNClKjk1f
2020-12-03 13:29:00,1334489815639789571,#Monologue Covid19 has taken far 2many lives @thechosentv @AndrewvdH @AnnemarieJacir  @RealRonHoward @jimmycthatsme @Dylan_Bostic @JamesCullenB @wendyshepherd @tylerperry @brbird @GavinPolone @JSCasting @ava @juancampanella @rwinter1955 @shondarhimes @MarkDuplass @donallogue https://t.co/jDNClKjk1f
2020-12-03 13:21:11,1334487849807261696,"Got a role, audition coming up! Looking to showcase a new monologue and improve my accent skills. #GotMyActingBugBack #Actor #Monologue #Accents #MovingForward oh and one more thing... BACK @ THE GYM! üëåüèªüé•üëäüèªüé¨üí™üèª"
2020-12-03 12:30:15,1334475030563082243,"Teaser video for my new YouTube series coming soon 
- 'The Unorthodox Monster Monologues'. 
https://t.co/vue0ymAQAv

#Actor #Fantasy #Monologue #NewWriting #Monster #Monologues #YouTube #Supernatural https://t.co/3Z3SN5gKcb"
2020-12-03 12:01:51,1334467884379156480,"NEW #Monologue from NEW One-Act Play ""Natural Habitat"" - by Joseph Arnone https://t.co/qVMCuqbcq4 #actorslife #writerslife #actors #theatre #script https://t.co/3jKEaz63QD"
2020-12-03 11:10:06,1334454862478774273,"A snippet for the #monologue written by Joseph Arnone,titled  Fix it, Click on the link below for the full video,Please kindly retweet for casting directors to see #monologue #actors 

https://t.co/31PWRoG2g4 https://t.co/H4xYI5Ow9y"
2020-12-03 09:33:01,1334430431173898240,"NEW #Monologue from NEW One-Act Play ""Natural Habitat"" - by Joseph Arnone https://t.co/qVMCuqbcq4 #actorslife #writerslife #actors #theatre #script https://t.co/3jKEaz63QD"
2020-12-03 08:59:17,1334421940589748224,John Mulaney Says Secret Service Investigated Him After ‚ÄòSNL‚Äô Joke #monologue #jokerollingstonejohnmulaney #vulturejohnmulaney #johnmulaney #snl #yahooentertainmentjohnmulaney https://t.co/fLP7xiTChe
2020-12-03 08:57:53,1334421588972883969,"Learning some monologues in Argentinian. Very soon I will publish them, you will see them and hear me speak in Argentinian #actor #actorslife #monologue #monologosargentinos #RebeldeWay #MiaColucci #LuLopilato #MarizzaPiaSpirito #MarizzaAndrade #CamilaBordonaba üá¶üá∑üé≠üìÉ https://t.co/bFUz6mA9kw"
2020-12-03 08:16:05,1334411070228766720,"Stephen Colbert ~ love the humorous filtering/reality check  in contrast to the delusional insanity of trump and his cult.
#trumpMentalUnhealth
#trumpCult
#trumpIsALiar
#trumpIsANationalDisgrace
#Conmantrump
#Gaslighting
#Colbert #ALateShow
#monologue 

https://t.co/XbGZSI8lGc"
2020-12-03 07:42:41,1334402664449384450,"THROWBACK THURSDAY!!!!!
Throwback on one of the #merrymen monologue. ‚ö°‚ö°‚ö°
.
.
.
#tutu #manliketutu #merrymen2 #acror #director #throwbackthursday #grace #monologue #22Battalion https://t.co/ApAkvGmS5w"
2020-12-03 06:12:19,1334379919590137857,"T**** brought along props for his 46-minute ramble of a speech posted to FB, but even he seemed to understand how poorly his lies would be received. #Colbert #Monologue #ALateShow https://t.co/BUFgEQfKX3 via @YouTube"
2020-12-03 06:10:33,1334379475383902208,"Colbert on Trump's Unhinged 46-Minute Video: The president brought along props for his 46-minute ramble of a speech posted to Facebook, but even he seemed to understand how poorly his lies would be received. #Colbert #Monologue #ALateShow https://t.co/yD5MZR58mB LiGrFballs https://t.co/gMOnmgxOWW"
2020-12-03 05:00:11,1334361768341233665,"#ALateShow #Colbert #Monologue 

""President Vents His Election Grievances In Conspiracy Theory Fueled Facebook Rant"" on YouTube https://t.co/Y1jyTaox9g"
2020-12-03 00:38:47,1334295984843628544,#Monologue Covid19 has taken far 2many lives @thechosentv @AndrewvdH @AnnemarieJacir  @RealRonHoward @jimmycthatsme @Dylan_Bostic @JamesCullenB @wendyshepherd @tylerperry @brbird @GavinPolone @JSCasting @ava @juancampanella @rwinter1955 @shondarhimes @MarkDuplass @donallogue https://t.co/jDNClKjk1f
2020-12-02 23:17:46,1334275596600295424,#Monologue Covid19 has taken far 2many lives @thechosentv @AndrewvdH @AnnemarieJacir  @RealRonHoward @jimmycthatsme @Dylan_Bostic @JamesCullenB @wendyshepherd @tylerperry @brbird @GavinPolone @JSCasting @ava @juancampanella @rwinter1955 @shondarhimes @MarkDuplass @donallogue https://t.co/jDNClKjk1f
2020-12-02 22:50:38,1334268768835395587,#Monologue Covid19 has taken far 2many lives @thechosentv @AndrewvdH @AnnemarieJacir  @RealRonHoward @jimmycthatsme @Dylan_Bostic @JamesCullenB @wendyshepherd @tylerperry @brbird @GavinPolone @JSCasting @ava @juancampanella @rwinter1955 @shondarhimes @MarkDuplass @JOSH_BENNY https://t.co/U5R3jX9b5y
2020-12-02 22:48:44,1334268290437242880,#Monologue Covid19 has taken far 2many lives @thechosentv @AndrewvdH @AnnemarieJacir  @RealRonHoward @jimmycthatsme @Dylan_Bostic @JamesCullenB @wendyshepherd @tylerperry @brbird @GavinPolone @JSCasting @ava @juancampanella @rwinter1955 @shondarhimes @MarkDuplass @JOSH_BENNY https://t.co/U5R3jX9b5y
2020-12-02 20:13:08,1334229134000549889,"For #AudioDramaSunday I want to demonstrate the brilliance of the star of @PodToPluto Wayne Russell. As we mention briefly the #PaleBlueDot in the latest episode, I decided to ask him to read a portion of that #beautiful #CarlSagan #speech as himself. #Monologue #VoiceActing https://t.co/9pAMJkB1wQ"
2020-12-02 19:53:32,1334224201557819392,I want to play this role sooooooooo bad. #actor #Shakespeare #monologue Richard from Richard III Act III Scene i https://t.co/n0ch1FH5tC via @YouTube
2020-12-02 17:55:03,1334194383567138818,Completed a very inspiring (and intense!) 3-week acting challenge last month and this was one of my favourite monologues. About love and life and connection ü•∞üåøüíï #actinglife #selftape #monologue #filmacting https://t.co/UpddWDLhdB
2020-12-02 17:46:06,1334192130483515395,"Here's a little monologue from my 'The Last Stripper Show' (still in the writing stages, so this may change!).  No-nonsense, heart of gold professional gives advice to a newbie.  #actress #actor #actressoverfifty #monologue #shortfilm #theatre https://t.co/N3Dt4ESr7X"
2020-12-02 16:44:01,1334176507988758529,"Actor Monologue Scene, hit the YouTube link to see full monologue
https://t.co/Oi0XVvAeg5
@SupportBritish @simedia69 #actor #actorslife #monologue #casting #castingcall https://t.co/mUjcRm4czl"
2020-12-02 16:40:07,1334175524558671872,"Actor Monologue Scene, hit the YouTube link to see full monologue
https://t.co/Oi0XVvAeg5
@SupportBritish @simedia69 #actor #actorslife #monologue #casting #castingcall https://t.co/mUjcRm4czl"
2020-12-02 15:26:46,1334157064504045568,"Action shot, trying an improvised WW1 monologue. Knew the moustache would come in handy. #monologue #acting https://t.co/mKKWBXbh00"
2020-12-02 13:14:44,1334123836837679107,Role Call to all our budding and talented Shakespearean thespians to enter this exciting competition! #Shakespeare #monologue #actor #thespian https://t.co/l4ZG3WOLc6
2020-12-02 10:10:22,1334077439966908416,"Here's a little monologue from my 'The Last Stripper Show' (still in the writing stages, so this may change!).  No-nonsense, heart of gold professional gives advice to a newbie.  #actress #actor #actressoverfifty #monologue #shortfilm #theatre https://t.co/N3Dt4ESr7X"
2020-12-02 10:08:07,1334076872657920000,"Here's a little monologue from my 'The Last Stripper Show' (still in the writing stages, so this may change!).  No-nonsense, heart of gold professional gives advice to a newbie.  #actress #actor #actressoverfifty #monologue #shortfilm #theatre https://t.co/N3Dt4ESr7X"
2020-12-02 09:30:19,1334067362514006016,"NEW #Monologue from NEW One-Act play ""Other Side of the Chasm"" by Joseph Arnone - https://t.co/XXvskSb4HX #actorslife #acting #writerslife #theatre #script https://t.co/FMA2Gqo8iC"
2020-12-02 06:16:25,1334018566690123777,"When people talk to themselves in the third person, they are able to better control their thoughts, feelings, and behavior, a study found. That's why I love #monologue 
#morning 
#wednesdaythought"
2020-12-02 05:13:16,1334002672698093569,"#ALateShow #Colbert #Monologue 

""President Risks Handing Democrats The Senate By Discouraging Republicans From Voting In GA Runoff"" on YouTube https://t.co/lUKpWeSWzN"
2020-12-02 04:34:16,1333992856483213313,Check out the latest audio on @hitrecord! Clown was missing a smile https://t.co/dB8tppUmWy #male #monologue #dark #narration Any filmmakers want to include my audio clip in their film?
2020-12-01 23:51:12,1333921622386827264,"What is an Audition Monologue?
__________
Call/Text for a free acting class! 818 275-2740
__________
#ActingTips #ActorsLife #Monologue #Acting
__________
https://t.co/xQhmko652k    https://t.co/hAp4jdzdKN"
2020-12-01 23:23:31,1333914656176566272,Just feeling like vibing @KiDiMusic  after watching the movie title sugar.. @TheDimejiLateef @dharamolarpearl @Odunadekolade @Odunomoadekola @IYSexxy @funkeakindele @SceneoneTV @toyin_abraham1 @seyiamakinde @TundeEddnut @femiadebayo370  #movie #Netflix #Nollywood #monologue https://t.co/5y0Fv6bWP1
2020-12-01 21:37:12,1333887902191935488,"#RainbowMonologues

ùóßùóõùó•ùó¢ùó®ùóöùóõ ùóßùóõùóò ùó™ùóúùó°ùóóùó¢ùó™
Performed by Pam Ashton
Written by @bearhugz54

https://t.co/HuemNbDkbv

SUBSCRIBE üëáüèª
https://t.co/ijfaw1sc8B

#writer #writerslife #actor #actorslife #theatre #performance #monologue #lgbt #gay #gaytheatre"
2020-12-01 18:24:37,1333839436686225410,"This is something I‚Äôve wanted to perform for a while, after watching Jodie Comer‚Äôs breathtaking performance.üé≠ üé¨
#killingeve #monologue #actorslife #selftape #performance #jodiecomer #acting #casting #bbc #series #drama #actress #actorsuk #actor #tv #film @eaglestonemanag https://t.co/uLEaTUEvIf"
2020-12-01 17:51:10,1333831014985175042,"This is something I‚Äôve wanted to perform for a while, after watching Jodie Comer‚Äôs breathtaking performance.üé≠ üé¨
#killingeve #monologue #actorslife #selftape #performance #jodiecomer #acting #casting #bbc #series #drama #actress #actorsuk #actor #tv #film @eaglestonemanag https://t.co/uLEaTUEvIf"
2020-12-01 14:23:36,1333778781149016071,Trailer for this week's short monologue written and performed by @MLPWalsh. Release date here on Twitter 7th August. #monologue #theatre #lockdown #iamwriting https://t.co/7qhBz93jKO
2020-12-01 14:10:17,1333775430231478274,"Isabella, from the play Measure for Measure, is a deeply virtuous woman who finds herself caught between a rock and a hard place.   #PowerofOne #Monologue #ArtsNL #GovNL #Flatrock #TheGrottoNL  
@TownofFlatrock
@NLArtsCouncil
@LegendaryCoasts
@GovNL 
https://t.co/mc03osPuSU"
2020-12-01 14:05:55,1333774330346541059,"Oops I did it again

https://t.co/lWy9YrlABh

#acting #monologue #original #student #fun #phoebewallerbridge #vibes https://t.co/8St0LJW05B"
2020-12-01 12:02:44,1333743330048561152,Anyone got any good recommendations for online monologue or scene competitions/prompts? I saved a few way back in the spring but idk what‚Äôs good and current and could use some Twitter help! #actorslife #virtualtheatre #monologue
2020-12-01 11:53:02,1333740891807379457,"NEW Comedic #Monologue from One-Act #Comedy ""Talk of Th‚Äô Town"" by Joseph Arnone - https://t.co/5nRsqRtl66 #actors #writers #actorslife #theatre https://t.co/YfueBDOPoD"
2020-12-01 04:49:57,1333634418263556096,"@jimmykimmel Now I may be a nobody.. but I just saw his show, his #monologue about @FLOTUS about ‚Äúf***** Christmas‚Äù was #savage holy fuck bro. üòÇ I was eating mashed potato‚Äôs too mayne. She‚Äôs the First Lady of our country bro üòÇ haha well, her husband is a dick. Can I say that in Twitter? #hi"
2020-12-01 04:12:43,1333625047316127745,The Panic Defense. By Sam Affoumado. https://t.co/ZxrFNQDAHg #ActorINNYC #Monologue
2020-11-30 23:24:58,1333552633861320715,"Thank you @TCBRbookreview for all your wonderful support! @OWNTV @JayLeno #ActingInstruction #Filmmaker #theatres #monologue #TuesdayFeeling @KnowSmallParts @mikesundack @tina_guillot @NBC @AuthorNetwork @ppld @FriendsSFPL @nypl_lpa  

https://t.co/hKl0coOY1O https://t.co/lTbKRB7jVX"
2020-11-30 22:06:50,1333532971555385345,"Putting in reps! #actor #monologue #Shakespeare Brutus, Act II, Scene i https://t.co/ReWjRoHBO2 via @YouTube"
2020-11-30 21:10:20,1333518750486831104,Filming of the Upper School play almost complete. We‚Äôre looking forward to seeing the final cut. @Alpha_PlusGroup #schooldays #SchoolPlay #Monologue #Marylebone https://t.co/RP6lnNXpD0
2020-11-30 21:05:22,1333517502861742080,"Wasted by Kate Tempest -Part 2!

I love this play because of how it deals with the subject of mourning, which could help young people who might struggle expressing their emotions. 

#actor #acting #actorslife #performer #performance #arts #theatre #stage #monologue #savethearts https://t.co/iRpiuyiwGI"
2020-11-30 20:58:59,1333515892735553537,"Day 26- Final Dayü•≥ü•≥
Wasted by Kate Tempest

Last but not least, is this wonderful play which follows 3 people in their 20s who attempt to deal with the reality of life. 

#actor #acting #actorslife #performer #performing #theatre #stage #arts #monologue #savethearts https://t.co/9FPvbOzKXJ"
2020-11-30 19:35:22,1333494852240220160,"https://t.co/lo0FzJRYIq
A monologue about one man's risky affair with a married woman.#actor #actorlife #actors #theatre #actorslife #film #CASTING #casting #monologue"
2020-11-30 19:24:52,1333492210885664768,Threads Stories ... #Theatre #monologue #Art #FiberArt https://t.co/1c0CCHe4qw
2020-11-30 17:03:00,1333456506881269760,Find out how to choose a #monologue with our awesome tutor Ashley ZhangazhaüìΩÔ∏èhttps://t.co/KaU45ynFxI and then join him to really nail down your #audition #technique in our #online #shortcourse
2020-11-30 16:36:03,1333449724674838530,Filming of the Upper School play almost complete. We‚Äôre looking forward to seeing the final cut. @Alpha_PlusGroup #schooldays #SchoolPlay #Monologue #Marylebone https://t.co/RP6lnNXpD0
2020-11-30 15:51:05,1333438409331847168,"@HudTheatreWorks what a great series to be a part of, thanks for including me! excellent performance from @Lizmasucci (as always)! keep up the good work and stay safe out there! #neillabute #monologue https://t.co/hGVn0xqvUx"
2020-11-30 14:47:41,1333422455445221380,Carol. #nosyneighbour #comedyvideo #monologue #improvisation #actor https://t.co/fneXJWtaq3
2020-11-30 14:02:43,1333411138617430017,"Tomorrow is the big day, when we get to introduce Lisa Inkpen to the Perchance family! Stay tuned for her #Shakespeare #Monologue!

#PowerofOne  #ArtsNL #GovNL https://t.co/NsBx9dAy4Q"
2020-11-30 13:26:57,1333402136130973696,"""The track as a whole focuses more on the subtle love-language a couple has with one another, rather than more obvious or overt aspects of a relationship""

#sogumm #ÏÜåÍ∏à #monologue #Î™®ÎÜÄÎ°úÍ∑∏ #ÏúÑÎ°ú #Encourage #AOMG #10cm #ÏúÑÎ°ú @AOMGOFFICIAL  @AOMG_THAILAND https://t.co/IPl9Kdo5Fi"
2020-11-30 13:26:27,1333402009249013762,"""The track as a whole focuses more on the subtle love-language a couple has with one another, rather than more obvious or overt aspects of a relationship""

#sogumm #ÏÜåÍ∏à #monologue #Î™®ÎÜÄÎ°úÍ∑∏ #ÏúÑÎ°ú #Encourage #AOMG #10cm #ÏúÑÎ°ú @AOMGOFFICIAL  @AOMG_THAILAND https://t.co/IPl9Kdo5Fi"
2020-11-30 12:19:56,1333385273502281730,"Good news! My latest dark monologue, ‚ÄòThe Coming Out‚Äô is finished üòÄ That‚Äôs another one for the monologue bank! #monologue #theatre"
2020-11-30 11:17:22,1333369526088593409,"Clapping written by one of our new writers  - Steve Darrington and performed by Roderick Smith @rodsmith100 https://t.co/wZRHPxzCjv via 
@YouTube - listen today  
@eastsuffolkone radio
 10.30am and 2.30pm #newwriting #newwriter #monologue #localradio #eastsuffolkone https://t.co/27h17xUcej"
2020-11-30 10:06:46,1333351757590704130,"Clapping written by one of our new writers  - Steve Darrington and performed by Roderick Smith @rodsmith100 https://t.co/wZRHPxzCjv via 
@YouTube - listen today  
@eastsuffolkone radio
 10.30am and 2.30pm #newwriting #newwriter #monologue #localradio #eastsuffolkone https://t.co/27h17xUcej"
2020-11-30 09:47:42,1333346961152499722,Clapping written by Steve Darrington performed by Roderick Smith https://t.co/wZRHPxzCjv via @YouTube - listen today  @eastsuffolkone 10.30am and 2.30pm #newwriting #newwriting #monologue
2020-11-30 06:06:25,1333291272623304705,"I did the most challenging #monologue yet.. was from #fences the movie. A part by @violadavis  and she is an amazing, powerful actress. She is my icon .. and #denzelwashington
Check it out and grace me with your reviewsüòä
https://t.co/Cz6ew3exDT
#acting @shiviske"
2020-11-30 05:42:39,1333285293475020802,"‚ÄúHard Candy‚Äù (Hayley) MONOLOGUE! 

@davidslade @patrickwilson73 @EllenPage @IamSandraOh 

#drama #hardcandy  #monologues #actor #acting #monologue #actorslife #actress #actors #monologuechallenge #auditions #film #casting #improv #greenscreen #theatre #perthactivities https://t.co/X9pY7Rdbh3"
2020-11-30 00:58:16,1333213723843055616,"Self-tape done. Loved learning the monologue.
#selftape #monologue #film #western https://t.co/yHGUukOZAM"
2020-11-29 22:54:18,1333182529214566402,"Missing #theatre ? I know I am. 

But SURPRISE!! @kait_feeney returns to #MitchDaysStoryTime podcast right now for episode TEN:

‚ÄúShouting at the Dead‚Äù by yours truly (originally performed @swkplay as part of @DirectorsCutTC showcase ‚ÄúArt from the Heart‚Äù) #podcast #Monologue https://t.co/hxeJ6NDzVn"
2020-11-29 22:31:06,1333176689388642305,"For #AudioDramaSunday I want to demonstrate the brilliance of the star of @PodToPluto Wayne Russell. As we mention briefly the #PaleBlueDot in the latest episode, I decided to ask him to read a portion of that #beautiful #CarlSagan #speech as himself. #Monologue #VoiceActing https://t.co/9pAMJkB1wQ"
2020-11-29 22:29:43,1333176340519022592,"My entry for @nowvoicethis 7: Round 2. The theme for this round was ‚ÄùLet The Sunshine In‚Äù. 

Music Credit: @AdrianVZiegler.

#LetTheSunshineIn #Nowvoicethis #NVT #VoiceActing #Actor #condescending #Acting #CharacterActing #Monologue #BusinessOwner #tensionActiing #actingchallenge https://t.co/BqiXzhRbfl"
2020-11-29 20:12:42,1333141861297512452,"The Vagina Monologues by Eve Ensler -Part 2

#actor #acting #actorslife #performer #performing #performance #arts #theatre #stage #thevaginamonologues #Vday #monologue #savethearts https://t.co/Fdq3iQUEpo"
2020-11-29 19:52:15,1333136713045192704,"For #AudioDramaSunday I want to demonstrate the brilliance of the star of @PodToPluto Wayne Russell. As we mention briefly the #PaleBlueDot in the latest episode, I decided to ask him to read a portion of that #beautiful #CarlSagan #speech as himself. #Monologue #VoiceActing https://t.co/9pAMJkB1wQ"
2020-11-29 19:35:41,1333132545198845962,"For #AudioDramaSunday I want to demonstrate the brilliance of the star of @PodToPluto Wayne Russell. As we mention briefly the #PaleBlueDot in the latest episode, I decided to ask him to read a portion of that #beautiful #CarlSagan #speech as himself. #Monologue #VoiceActing https://t.co/9pAMJkB1wQ"
2020-11-29 18:51:59,1333121545317863431,"#RainbowMonologues

ùó†ùóòùóßùó•ùó¢ ùóüùóúùó°ùóû
Performed by Jay Burrow
Written by @bearhugz54

https://t.co/xKbGNv9AvE

SUBSCRIBE üëáüèª
https://t.co/ijfaw1sc8B

#writer #writerslife #actor #actorslife #theatre #performance #monologue #lgbt #gay #gaytheatre"
2020-11-29 17:56:53,1333107681947693058,"#RainbowMonologues

ùó†ùóòùóßùó•ùó¢ ùóüùóúùó°ùóû
Performed by Jay Burrow
Written by @bearhugz54

https://t.co/xKbGNv9AvE

SUBSCRIBE üëáüèª
https://t.co/ijfaw1sc8B

#writer #writerslife #actor #actorslife #theatre #performance #monologue #lgbt #gay #gaytheatre"
2020-11-29 17:12:53,1333096608934883329,"Video - #Colbert #Monologue #ALateShow A Lame Duck Emerges From His Bunker To Pardon A Turkey And Take Credit For A Wall Street Milestone

 https://t.co/sICLiznHmB"
2020-11-29 10:57:19,1333002094241079299,"For #AudioDramaSunday I want to demonstrate the brilliance of the star of @PodToPluto Wayne Russell. As we mention briefly the #PaleBlueDot in the latest episode, I decided to ask him to read a portion of that #beautiful #CarlSagan #speech as himself. #Monologue #VoiceActing https://t.co/9pAMJkB1wQ"
2020-11-29 10:53:41,1333001179660509190,"For #AudioDramaSunday I want to demonstrate the brilliance of the star of @PodToPluto Wayne Russell. As we mention briefly the #PaleBlueDot in the latest episode, I decided to ask him to read a portion of that #beautiful #CarlSagan #speech as himself. #Monologue #VoiceActing https://t.co/9pAMJkB1wQ"
2020-11-29 10:51:21,1333000591631675393,"For #AudioDramaSunday I want to demonstrate the brilliance of the star of @PodToPluto Wayne Russell. As we mention briefly the #PaleBlueDot in the latest episode, I decided to ask him to read a portion of that #beautiful #CarlSagan #speech as himself. #Monologue #VoiceActing https://t.co/9pAMJkB1wQ"
2020-11-29 06:28:58,1332934560636493826,Some #voiceover &amp; #oncamera work I did for the LA rock band SHIVER! Grim Grinning Ghosts #monologue #halloween #disney #hauntedmansion #miafcampagna https://t.co/qQLKlucth3
2020-11-29 04:02:46,1332897768612872194,I have another new monologue!! Yes!! I'm very happy. I can do it! üí™üèΩ #actor #actorslife #monologue üé≠üé¨üìÉ https://t.co/VyM74KY0rQ
2020-11-29 02:07:15,1332868698433064966,"Video - #Colbert #Monologue #ALateShow A Lame Duck Emerges From His Bunker To Pardon A Turkey And Take Credit For A Wall Street Milestone
https://t.co/uCucF7QRNC"
2020-11-29 00:45:38,1332848157529690114,"*#Live #Stream This #Sunday 29th of #November 2020 6:30pm* 
ü§ìView the Event on Instagram Facebook &amp; YouTubeüñ•Ô∏è
Username: @poetsandmonologues
#poetry #monologue #spokenword #singersongwriter #art #artist

https://t.co/b2wn8weh3A https://t.co/1PV3sGmpyW
Scan QR Code Below ‚§µÔ∏è‚§µÔ∏è‚§µÔ∏è‚§µÔ∏è https://t.co/CZ6FrFcX2M"
2020-11-28 23:57:28,1332836034418192385,GET INVOLVED THIS MONTH.. last #TwoTimeTuesdays EVER üò¨üòö‚ÄòWhat Christmas Means For You‚Äô write/perform your monologue based on this theme üéÑ‚ú®ü•∞  Let‚Äôs get creative &amp; festive!! #monologue #theatre #arts #challenege #writer #actor #creative #creatives #festive #Christmas #selftape https://t.co/0lnAF8xDB2
2020-11-28 23:50:30,1332834284315447296,"IG #MonologueContest #ToBeOrNotToBe by @CCCM_LA / @ConsulMexLan  @XBorderAmb 

Last day to apply: Dec 1st 2020

Visit https://t.co/Vxva2hnMCo for more information
Check out @VangeTapia quick explanation video!

#monologos #identidad #Monologue #Contest #Identity #Cultura #culture https://t.co/WRq4U0BAds"
2020-11-28 23:49:21,1332833992484163584,"IG #MonologueContest #ToBeOrNotToBe by @CCCM_LA / @ConsulMexLan  @XBorderAmb 

Last day to apply: Dec 1st 2020

Visit https://t.co/Vxva2hnMCo for more information
Check out @VangeTapia quick explanation video!

#monologos #identidad #Monologue #Contest #Identity #Cultura #culture https://t.co/WRq4U0BAds"
2020-11-28 23:47:49,1332833608197804032,"IG #MonologueContest #ToBeOrNotToBe by @CCCM_LA / @ConsulMexLan  @XBorderAmb 

Last day to apply: Dec 1st 2020

Visit https://t.co/Vxva2hnMCo for more information
Check out @VangeTapia quick explanation video!

#monologos #identidad #Monologue #Contest #Identity #Cultura #culture https://t.co/WRq4U0BAds"
2020-11-28 23:45:16,1332832967123636225,"IG #MonologueContest #ToBeOrNotToBe by @CCCM_LA / @ConsulMexLan  @XBorderAmb 

Last day to apply: Dec 1st 2020

Visit https://t.co/Vxva2hnMCo for more information
Check out @VangeTapia quick explanation video!

#monologos #identidad #Monologue #Contest #Identity #Cultura #culture https://t.co/WRq4U0BAds"
2020-11-28 22:38:57,1332816277019140096,"Reading the words of @MelBrooks always brings me joy. Even if I'm reading them in my closet and my microphone is in a shoe on my shoe rack.

From ""The Producers""
Written by Mel Brooks and Thomas Meehan

#voiceover #voiceactor #vo #monologue https://t.co/CUdF8o6CQm"
2020-11-28 22:08:00,1332808488569868288,"Reading the words of @MelBrooks always brings me joy. Even if I'm reading them in my closet and my microphone is in a shoe on my shoe rack.

From ""The Producers""
Written by Mel Brooks and Thomas Meehan

#voiceover #voiceactor #vo #monologue https://t.co/CUdF8o6CQm"
2020-11-28 22:06:33,1332808122440642560,"""Free Churro"" Part 3/?
A continuing chunk of the monologue from Bojack Horseman S5E6
Written by Raphael Bob-Waksberg

#voiceover #voiceactor #vo #monologue https://t.co/y4ObONjhk9"
2020-11-28 22:05:36,1332807882782384128,"Holiday Season VO
Written by Niki Clark
From https://t.co/34tjVNuctU 

#voiceover #voiceactor #vo #monologue https://t.co/yo7sBZLweG"
2020-11-28 21:47:59,1332803448312639492,"üì£ New Podcast! ""Good v Evil"" on @Spreaker #apathy #commentary #conspiracies #conspiracy #conspiracypodcast #dwo #dwo_podcast #empathy #globalism #good_vs_evil #illuminati #kansas_perspective #monologue #new_world_order #newworldorder #nwo https://t.co/powSxfDm6L"
2020-11-28 21:15:06,1332795174892802051,"Day 24üòÜ
Just so you know by Joseph Arnone

I‚Äôm lucky enough to say me and my sister have never had an argument like this, but we‚Äôve probably been closeü§îüòÇ

#actor #acting #actorslife #performer #performing #performance #arts #theatre #stage #monologue #savethearts https://t.co/ze7jGy2PIJ"
2020-11-28 17:05:19,1332732314586116096,"‚≠êÔ∏èAmazing Actor Shoutout to Neil Burgess ‚≠êÔ∏èfor his wonderful performance of The Night Boyfriend‚Äô produced by Troubadour Theatre ‚≠êÔ∏è
https://t.co/0VKMUPSC5I #Horror #Monologue"
2020-11-28 16:41:23,1332726289871015936,"Writing a new monologue today, I know I shouldn‚Äôt be but I just can‚Äôt help it. It‚Äôs just taken me over... #theatre #monologue"
2020-11-28 12:38:13,1332665095621644290,Rena‚Äôs Monologue from the play Sea Urchins üßöüèº‚Äç‚ôÄÔ∏è @MonologueFriday @SupportBritish #monologuefriday @BbmTracey #monologue #acting https://t.co/7sjGFU4i3o
2020-11-28 12:37:16,1332664858135949312,"@MonologueFriday @SupportBritish One of my favourite #monologue from Film ""Pet"" #monologuefriday  @SupportBritish 
#Chineseactor  #london Rep'd by @PIPtalent 
Have a brilliant weekend everyone. https://t.co/FBR4EFnB42"
2020-11-28 12:34:56,1332664271419957249,"@MonologueFriday @SupportBritish As a belated nod to #DoctorWhoDay , here's one of my favourite speeches from the Capaldi era #actorslife #geek #scifi #monologue #MonologueFriday @SupportBritish https://t.co/6lPW4j8Lqe"
2020-11-28 12:33:46,1332663977411829761,"@MonologueFriday @SupportBritish Thank you #MonologueFriday &amp; 
@SupportBritish

Monologue from #KillingEve 
Video diary style for a change.

Spotlight - https://t.co/FPcoRQEqqJ

@vshowcards
 - https://t.co/96ZlSiSqzr

Scottish Actor represented by 
@V_S_Management 

#Vshowcards #Monologue #Selftape #TeamVS https://t.co/ErIHjwy0sr"
2020-11-28 12:28:58,1332662768873467909,"@MonologueFriday @SupportBritish A section of a longer piece that I‚Äôm developing. (Original monologue.)
#childactor #youngperformer #acting #monologue #newaccent 
Thanks #MonologueFriday &amp; @SupportBritish https://t.co/kDndh46AU9"
2020-11-28 12:28:35,1332662671355875329,"@MonologueFriday @SupportBritish A little entry for #MonologueFriday @SupportBritish.

I do like finding a well known monologue and giving it a different take.

#actor #actorslife #monologue

@seanholmesagent https://t.co/FySos4xMOr"
2020-11-28 11:16:43,1332644585403797504,"@FlairboxCo Thanks @LevineLashanna and thank you @FlairboxCo here‚Äôs one of my latest monologues (self-written) 
#actorslife #writerslife #monologuefriday #comedy #monologue #actinguk #flairboxco #rosshenson #flairbox https://t.co/4OC8jQV1tF"
2020-11-28 09:59:02,1332625037266972672,"NEW #Monologue from NEW One-Act #Comedy ""Tiger's Claw"" by Joseph Arnone - https://t.co/hbxQPZuRcX #actorslife #actors #actress #script https://t.co/45kNjdm2kw"
2020-11-28 02:05:26,1332505849902686209,"https://t.co/ot6hao0OIu 

FIRSTSTEP short film! 

#shortfilm #filmdirector #filmmaking #filmlove #filmlover #passionforfilms #vivekathreya #swarooprsj #Filmmaker #shortfilms #microdrama #Monologue #cinema #dialouge #17YearsOfKalHoNaaHo #cinemapicha #rrr"
2020-11-28 02:04:01,1332505494947131393,"Another #monologue from @castingafrica #scripts

Swipe üëàüèΩto c d dialogue 
Cc: @dicon_schoolofpfa @ Sango Otta, Ogun, Nigeria https://t.co/UWvByfVQm1"
2020-11-27 23:09:44,1332461635034877955,"Missing #theatre ? I know I am. 

But SURPRISE!! @kait_feeney returns to #MitchDaysStoryTime podcast right now for episode TEN:

‚ÄúShouting at the Dead‚Äù by yours truly (originally performed @swkplay as part of @DirectorsCutTC showcase ‚ÄúArt from the Heart‚Äù) #podcast #Monologue https://t.co/hxeJ6NDzVn"
2020-11-27 21:40:17,1332439126138875908,GET INVOLVED THIS MONTH.. last #TwoTimeTuesdays EVER üò¨üòö‚ÄòWhat Christmas Means For You‚Äô write/perform your monologue based on this theme üéÑ‚ú®ü•∞  Let‚Äôs get creative &amp; festive!! #monologue #theatre #arts #challenege #writer #actor #creative #creatives #festive #Christmas #selftape https://t.co/0lnAF8xDB2
2020-11-27 21:30:18,1332436611208982528,"Missing #theatre ? I know I am. 

But SURPRISE!! @kait_feeney returns to #MitchDaysStoryTime podcast right now for episode TEN:

‚ÄúShouting at the Dead‚Äù by yours truly (originally performed @swkplay as part of @DirectorsCutTC showcase ‚ÄúArt from the Heart‚Äù) #podcast #Monologue https://t.co/hxeJ6NDzVn"
2020-11-27 21:18:38,1332433676173533184,GET INVOLVED THIS MONTH.. last #TwoTimeTuesdays EVER üò¨üòö‚ÄòWhat Christmas Means For You‚Äô write/perform your monologue based on this theme üéÑ‚ú®ü•∞  Let‚Äôs get creative &amp; festive!! #monologue #theatre #arts #challenege #writer #actor #creative #creatives #festive #Christmas #selftape https://t.co/0lnAF8xDB2
2020-11-27 20:52:49,1332427177237897218,"Missing #theatre ? I know I am. 

But SURPRISE!! @kait_feeney returns to #MitchDaysStoryTime podcast right now for episode TEN:

‚ÄúShouting at the Dead‚Äù by yours truly (originally performed @swkplay as part of @DirectorsCutTC showcase ‚ÄúArt from the Heart‚Äù) #podcast #Monologue https://t.co/hxeJ6NDzVn"
2020-11-27 20:20:53,1332419142616559622,"Day 23üòÅ
#LoveandMoney by #DennisKelly

Another fantastic, thought-provoking play which really gets you thinking about your own &amp; others relationships with love and moneyüò≥

#actor #acting #actorslife #performer #performing #performance #theatre #stage #monologue #savethearts https://t.co/GcbK908gnE"
2020-11-27 19:59:52,1332413853334974466,"So excited, I finally got my act together enough to submit a monologue for @MonologueFriday this is Nora from The Dolls House.

So good to keep practicing both the craft and the technical stuff for self-taping.
@SupportBritish #actor #monologue https://t.co/mHz6Y4DU2p"
2020-11-27 19:31:59,1332406835844825088,"https://t.co/ot6hao0OIu 

FIRSTSTEP short film! 

#shortfilm #filmdirector #filmmaking #filmlove #filmlover #passionforfilms #vivekathreya #swarooprsj #Filmmaker #shortfilms #microdrama #Monologue #cinema #dialouge #17YearsOfKalHoNaaHo #cinemapicha #rrr"
